[
  {
    "publisher": "Construction Weekly Uganda",
    "title": "Local Entrepreneur Revolutionizes Construction Advisory Services",
    "date": "2024-01-15",
    "link": "https://example.com/press-1",
    "excerpt": "Kagimu Billz's innovative approach to project scoping and material optimization has gained recognition in Uganda's construction industry, helping developers save costs while maintaining quality standards."
  },
  {
    "publisher": "Real Estate Today Africa",
    "title": "Strategic Land Acquisition: Tips from the Field",
    "date": "2023-11-22",
    "link": "https://example.com/press-2",
    "excerpt": "Billz shares insights on evaluating plots for development, covering everything from soil testing to zoning considerations in the Ugandan market."
  },
  {
    "publisher": "Entrepreneur East Africa",
    "title": "Building Brands Through Authentic Storytelling",
    "date": "2023-09-08",
    "link": "https://example.com/press-3",
    "excerpt": "How Kagimu Billz leverages social media and content creation to build trust and showcase expertise in construction and real estate sectors."
  },
  {
    "publisher": "Uganda Business Journal",
    "title": "The Future of Construction: Technology and Traditional Methods",
    "date": "2023-07-14",
    "link": "https://example.com/press-4",
    "excerpt": "An interview exploring the balance between modern construction techniques and time-tested methods in Uganda's growing construction market."
  },
  {
    "publisher": "African Property Review",
    "title": "Off-Plan Marketing Strategies That Work",
    "date": "2023-05-30",
    "link": "https://example.com/press-5",
    "excerpt": "Billz discusses effective marketing approaches for off-plan developments, including drone photography, virtual tours, and transparent pricing strategies."
  }
]
